Messenger,^
Cover,^
@flipkartsupport,@
sadly,@
once,^
was,^
#foodporn,^
Will,#
violation,^
discovered,@
Core,^
:),^
RED,^
enjoy,#
evokes,^
when,@
about,^
looks,@
#news,@
8GB,^
x19,^
pasok,^
@hbarra,@
10400,^
http://t.co/tbMST3zKpg,^
Ni,@
Mi3's,@
2PM,^
fast,^
Yes,@
success,^
mobile,^
don‚Äôt,^
http://t.co/iesjuxYSDI,#
hope,@
Yep,^
Here's,#
Component,^
teams,@
@nileshgr,@
http://t.co/Jt5K3bHMau,@
Ouya,^
offers,^
idk,@
|,^
Hongmi/Redmi,^
Greenland,^
Visit,^
features,@
version,@
@techcrunch,^
tech,^
available,^
turns,^
which,^
3's,^
contact,^
indias,^
there,^
Barra,^
Russian,@
sale,^
scores,^
v,^
Everywhere,^
reasons,^
Even,#
China‚Äôs,^
all,^
running,^
s,@
book,^
Overtakes,@
Authority,^
",@
@XiaomiIndia,@
while,^
nagapply,@
shows,^
age,^
5.5,^
plastic,^
@pabischoff,@
:/,^
when,^
http://t.co/xSoEQEFWNV,^
L,^
RT,^
Jawbone,^
And,@
the,^
ME,^
#Remote,#
Wow,#
post,^
rolls,@
@TheNextWeb,@
AUS,^
#iphone,^
http://t.co/YdJ3PSSygD,@
#China‚Äôs,^
So,@
http://t.co/m3QFSCWXs5,^
that,^
Flipcover,#
lying,@
within,^
realize,@
5th,#
same,^
will,#
Not,@
¬£260,^
tick-off,^
Hey,@
@flipkart,@
exploit,#
Servant,@
No,@
family,^
http://t.co/42hYniLoir,^
#Offers,#
Owners,^
an,^
Issue,@
pragat,@
covers,^
Mi4,@
#MI3,#
overtakes,^
taken,^
I'll,^
@MiIndiaOfficial,@
extension,@
Why,#
Beta,^
~,^
look,^
India,@
#WonderfulSALE,@
its,#
Screen,@
See,@
http://t.co/WF7dHfsncw,@
that,@
i,@
official,^
china,^
hahaha,@
Next,@
Day,@
Overtakes,^
Lucky,^
out,@
#SuryaRay,#
it's,@
new,^
beat,^
offer,^
than,^
Sounds,@
Devansh,^
there,@
bro,@
Cell,^
taking,@
deal,@
Android,^
üëçüëçüëç,#
couldn't,@
latest,@
Easy,#
participate,^
Its,^
Power,^
eBay,^
HT,^
Amends,#
its,^
khatam,^
rightfully,^
‚Üí,^
@alsassociation,@
Goodies,^
Still,^
quality,^
ba,^
x18,^
x3,^
try,@
Off,^
http://t.co/OIzavTq9KA,^
available,#
Action,^
turns,@
none,@
Fanboys,^
üòâ,^
!,#
bank,@
#capitalism,^
wrist,^
BESTPLAN,^
',#
http://t.co/1qAkdTpCUe,^
copying,@
farziwada,^
if,@
000,^
14K,^
takes,^
successful,^
SmartPhone,^
berapa,^
#Hacks,#
network,@
20,^
I'd,@
‚ô°,^
http://t.co/w0SlMZTSul,@
extension,^
To,@
Chinese,#
photo,^
OTW,^
writes,^
Powerbanks,@
Official,^
http://t.co/PFurabUv1L,@
You,^
your,@
cover,^
@rajupp,^
Lucky,@
maker,^
http://t.co/vWl78gwT2x,^
handsets,@
industry,^
yea,@
http://t.co/Lc1Syyn6ho,^
mere,^
Jun's,^
why,@
News,@
Live,^
marketshare,^
hangs,^
http://t.co/7u7IqcjolV,^
SoC,@
until,@
Murphy's,@
Have,@
¬ª,^
ever,^
Sorry,@
Mi4,^
Tech,^
Variant,^
#Celcom,#
privacy,^
gets,^
http://t.co/BOLpHEUCJ3,@
http://t.co/svWzHEmTNj,^
acceptable,^
#iphone,@
Powerbank,@
Pathetic,^
Series,^
manufacturing,^
19.0,^
Hack,^
Globe,^
awaited,^
running,#
u,^
releases,^
over,^
Soon,@
Or,^
#xiaomi,#
Call,^
me,^
m,@
of,@
Note,^
read,@
@Ajay_H_Kumar,@
cards,^
announcement,^
!,@
New,^
http://t.co/nprwNgHr3W,^
http://t.co/l2OmczXTnL,^
Adds,^
fuck,^
Haha,@
I'm,@
-,^
exclusive,@
days,@
Officially,^
#mipad,#
Monument,^
Re,@
RedMI,@
01,^
points,@
it,@
stream,^
!!,^
sees,#
Oppo,@
cancelling,^
made,^
@vijayshekhar,@
Sending,^
13,^
are,@
games,^
Forecasts,^
Shiao-Me,^
Review,^
999,#
colourful,^
Moto,^
V5,^
2,@
maybe,@
unveils,^
Malaysia,#
selling,^
http://t.co/SQSxiXcQQu,^
attempt,^
Mid,^
Go,^
Takes,^
us,^
Dear,@
#Redmi1S,@
#Smartphone,^
mAh,^
via,^
members,@
OLX,^
up,#
Juha,#
culture,^
999,^
too,^
Investigating,@
topples,^
""",^
on,#
Spain,@
launches,@
Hugo,#
MIUI,#
Get,^
literally,^
TPU,^
#released,^
üòä,^
Wer,^
Seeks,^
get,^
shamelessly,^
Hi,@
Quad,^
so,^
#smartphone,@
buyers,@
.,@
from,^
says,@
xposed,@
@geekyranjit,@
http://t.co/SQcEWaIIp3,^
x12,^
bank,^
Rs,^
11,^
win,^
882,^
its,@
@enjoyGLOBE's,^
cart,@
@MoonMoney1,@
WoW,@
@IBNLiveTech,@
beta,^
that's,@
wanted,@
Volume,^
these,@
@myTechENT,^
BEST,^
unique,^
http://t.co/9VHlkwhaZq,^
please,@
@alsassociation,^
Using,^
feel,@
specifications,^
@JatinKiDuniya,@
penalized,^
me,#
the,@
other,^
But,@
earphones,^
#Mi3,@
China's,#
unseats,^
faces,^
Out,^
Apparently,@
Company,@
great,#
faster,@
soon,^
order,^
),^
https://t.co/y40tg23wR0,@
@xiaomi,^
s,^
placed,@
gone,@
visit,^
¬ª,#
manufactured,@
Friday,^
consent,^
Against,^
Hmm,@
Despite,#
Mi3,#
powers,@
copy,#
defect,^
#games,^
x10,^
Wonder,@
everywhere,^
Makers,^
looking,@
ear,^
x9,^
Micromax,@
10400mAh,^
#powerbank,#
‚Äú,@
zenfone,^
Extension,^
product,@
To,#
Check,@
iOS,^
building,^
units,@
@mashable,@
forgot,^
muscular,@
to,^
mi,^
#Hot,^
upstart,^
@xiaomi,#
you,@
Check,^
defective,#
scores,@
CEOs,@
sold,#
delivery,^
Hahah,@
Mobile,^
than,@
at,^
Up,^
10,^
without,^
this,^
playing,@
Kerr,^
#Tech,#
Our,@
Hurry,^
#china,#
pre-registration,@
interested,^
wat,#
#Mi4,^
smartphone,#
http://t.co/IvqrBrF9wE,@
8,^
oh,@
to,#
as,^
exposure,^
Seeks,@
#Redmi1S,#
currently,^
from,#
groups,^
x2,^
Hotpot,@
:,@
Product,^
Think,^
how,@
tweet,@
#MIUI,#
http://t.co/0RYnSXwfKT,#
¬ª,@
2,^
Seems,^
At,^
Ôºö,#
gaya,^
http://t.co/nCdl7xQVUf,^
ako,^
added,@
Karbonn,^
#SuryaRay1,#
A,^
xiaomi,^
That's,^
9,^
dives,^
excellent,^
Sells,^
woot,^
deliver,^
Wow,@
copy,^
ur,@
they,^
assessment,^
security,@
http://t.co/lAVheA0cp8,@
powerbank,^
stock,^
buy,^
Micromax,#
Best,^
2.3,#
Nice,@
..,@
or,^
@mnambi,@
brand,@
attempt,#
Anti-scratch,^
do,^
spills,^
http://t.co/seXvg7HJBu,^
great,^
rocking,^
000,@
haha,@
will,^
"",^
x20,^
20000,#
still,^
Saarinen,^
Gone,#
#Handsets,#
moshi,^
x16,^
&,^
announces,^
],^
Reportedly,^
2.5,^
#china,@
false,^
üëè,^
nga,^
Jun,@
tell,@
specs,^
next,@
Grab,^
always,^
http://t.co/Z5Nt6emCS8,^
they,@
V6,^
#iPhone,^
cancels,^
Its,@
#baidu,@
info,^
in,@
Screen,^
Offers,^
#piston,^
and,^
Instagram,@
do,@
‚úå,^
Next,#
(,^
til,@
issues,^
#NewBuy,#
partnership,^
releases,@
http://t.co/5brAGjWYES,^
how's,@
Apple's,^
Unveils,^
MiPad,^
20,#
leveraged,^
#mi3onflipkart,^
Ayos,^
also,@
Galaxy,^
not,^
na,^
smartphones,^
earbuds,^
#missionaccomplished,@
x14,^
here,#
Suing,^
what,^
Lol,@
got,@
In,@
x13,^
he,^
üëç,^
won't,@
How,@
--,^
No,^
#MI4,#
money,^
Groupon,^
seconds,#
iPhone,@
gg,@
?!,@
:D,@
awake,^
Releases,^
home,@
Ghana,^
Beats,^
on,@
plz,@
#news,#
tech,@
what,@
Cover,#
i'm,@
Chinese,@
chocolate,^
Gupta,^
sa,#
may,^
Has,^
LG,@
arriving,^
http://t.co/R3WjlEhIXk,#
celebrates,^
what,#
For,^
#Xiaomi,^
Walton,^
have,@
Philippines,^
Can't,@
Piston,^
http://t.co/NE1f6a6hGQ,^
eBay,@
!,^
outsells,^
@TechCrunch,^
5-Day,@
Spent,^
Launches,@
Miui,^
mah,^
Redmi,^
http://t.co/qKNdlLq24r,^
Unveils,@
#RT,#
‚Äú,^
Approaching,@
x11,^
founder,^
booked,@
Band,^
...,@
apple,^
#Mobile,#
Offering,^
1,@
mercury,^
http://t.co/5MQWnw9Dyz,@
giveaways,^
http://t.co/u8a7Qtfvyv,^
I'd,^
takes,@
possible,^
I'll,#
becomes,@
üôå,^
board,^
unaffordable,^
Most,^
@_Shakesbeard,@
Brand,@
@eeqeqeqeq,@
strong,#
Fail,^
‚ô•‚ô•‚ô•,^
Garmor,#
http://t.co/5utVlOpqEM,#
sick,@
probably,@
khatam,@
Chinese,^
999/mo,^
guys,@
Warranty,^
Murphy's,^
news,#
mom,^
latest,^
5th,^
recieved,@
http://t.co/VyjrREr6pA,@
5,^
#android,^
iPhone,^
online,@
taking,^
@shopclues,@
think,^
Slips,^
<3,@
2.3,^
@,^
inspired,^
na,#
Bank,^
Don't,^
Phones,^
Paytm,@
G-shock,^
@SmitVanWyk,@
cuts,@
#FlipkartMi3sale,^
http://t.co/WooC2kflDz,^
....,^
http://t.co/yA5ZP7rnvL,@
http://t.co/xymVVPmCjH,^
Unveiled,^
defective,@
Great,^
for,@
HEREEEEE,^
giving,^
sell,^
does,@
Sony,^
Big,#
samsung,^
‚ô°‚ô•,^
worry,^
http://t.co/yZSaRx38Dd,@
MI3,^
#marketshare,#
Lin,@
biggest,@
http://t.co/NipJIDxFWJ,^
nothing,^
China‚Äôs,@
#technology,^
after,@
OnePlus,^
HTC,^
back,^
wild,^
features,^
Hard,^
having,^
Label,^
Wouldn't,@
available,@
Technology,^
http://t.co/htlyvpIwl5,@
judging,^
next,^
Ifive,^
lot,^
GHz,^
Latest,#
sellers,^
been,@
flipkart,^
go,#
Scores,@
@_sachinbansal,@
come,^
we,^
investigates,^
http://t.co/txJaAiAerH,@
offers,#
has,@
Are,@
http://t.co/TZ3kKyk13r,^
Mi3,@
RedMi1S,@
7,^
more,@
#zenfone5,^
#TECH,#
@BuyHatke,@
amazing,^
UP,^
reveals,^
know,@
@hbarra,#
Exclusive,@
can't,^
price,^
Basic,^
Deepak,@
Launches,^
Lot,^
OUYA,@
Surpasses,^
#fail,^
http://t.co/B45snHxAcC,@
üòÅ,^
Fitbit,^
of,^
Best,@
manufacturer,^
going,^
priced,^
the,#
How,#
pm,^
@OfficialXiaomi,^
SARAP,^
companies,@
Crush,^
http://t.co/2niHP5U0JL,^
seconds,@
able,^
faulty,^
studio,^
banks,^
blatant,^
data,^
Fourth,#
x15,^
Business,^
CEO,^
android,^
Oh,^
someone's,^
"",@
üòØ,@
Band,#
;p,^
Is,@
gender,^
VS,^
a,@
http://t.co/eAx0168p42,^
sale,#
CEO,@
mm,^
bring,^
purchasing,@
20,@
at,#
cuts,^
Thanks,@
root,^
phone,#
Need,@
@rajupp,@
13mp,^
Excellent,^
http://t.co/5NB7j1vtiZ,#
Coast,^
code,^
Buy,#
4,@
#Mi3,#
phones,^
batch,^
!!!,@
away,^
wah,@
Flash,#
85%,^
my,#
@foxconn,@
Alpha,@
wonderful,^
replacements,@
offence,^
http://t.co/7GDn2xSsYw,^
#eBay,#
Bands,@
MIUI,^
sure,@
little,@
Mi3,^
Totally,@
launches,^
market,^
units,^
""",@
http://t.co/xzVRNdThtO,#
Time,^
video,^
by,@
OLX,#
Sold-Out,^
vs,^
Apple,^
MI3,@
Complaint,^
updates,@
Jet,^
whom,@
Cameo,^
site,^
South,@
Xiaomi,#
@prashanth,@
http://t.co/x4GmfcQs4V,@
ios7,^
A,@
so,@
#WonderfulSALE,^
IOS8,^
Will,@
Take,^
Only,^
love,@
Exclusive,^
Guess,^
iphone,@
through,^
Just,^
play,@
Smartphone,^
User,^
a,^
http://t.co/o5nRaTqGXt,^
Word,^
EXCLUSIVE,@
enjoy,@
time,^
click,@
$13,#
want,@
pronounced,^
better,^
Was,@
follow,@
Function,^
M3,^
Barra‚Äôs,^
my,^
hey,@
@XiaomiChina,^
#Mi3,^
3,#
is,@
#partners,@
waiting,^
first,^
http://t.co/iETeNSs7Bo,^
Phones,@
26,^
just,^
how,^
introduces,^
bhi,^
:,^
If,@
@Xiaomi‚Äôs,@
ah,@
this,@
Seeks,#
sex,^
China's,^
Thanks,^
http://t.co/l8zlXP7qoY,^
#tech,^
now,^
xiaomi,@
quickly,^
I,^
http://t.co/DQJEOUMC99,^
wins,^
go,@
hot,@
stock,@
is,^
http://t.co/ZmeTE1Z8sQ,#
Announces,^
Soon,^
resold,^
and,@
.....,^
#security,#
their,^
Xiaomi‚Äôs,^
phone-maker,^
pa,^
now,@
Please,@
valentinanaa,^
July,^
3rd,#
cuts,#
miles_jenny,^
Hahaha,@
copies,^
10,@
took,@
#HuaweiGhana,^
Thread,^
Crush,#
Malaysia,^
Leave,@
Jun,^
Hit,^
Apple,#
Sir,@
test,^
‚Äô,#
less,@
priced,@
take,^
buying,^
Rice,^
1s,^
Display,^
Working,^
no,^
HURRY,^
Wallpapers,^
http://t.co/rvrdZ0Ohdh,^
access,^
@mad_braj,@
@enjoyGLOBE,#
bad,^
http://t.co/90SqRySaPU,^
...,^
Up,@
Scores,^
VP,^
your,^
499,^
!!!,^
Flipkart,^
http://t.co/7qcoIDhowV,^
A290,^
sale,@
Like,^
Of,@
Powerbank,^
.,^
http://t.co/7k6l46fgBp,^
superb,@
sir,@
Totally,^
from,@
http://t.co/JYWnPQRqJu,^
http://t.co/kLTYkEVv2u,^
user,^
if,^
@GoBubblews,^
Find,^
one,^
Redmi,@
phone,^
sold,@
@Hardism,@
free,^
extra,#
AMAZING,@
@Xiaomi,#
appoints,^
compete,^
Success,^
[,^
seems,^
opens,^
on,^
Once,^
Pad,^
worth,^
these,^
http://t.co/ltgtANNJuJ,@
Latest,@
local,^
may,#
Can,^
branded,^
screen,^
with,^
Horrible,^
Pathetic,@
#vscocam,@
Canvas,@
POWERBANKS,^
BuyWin.in,^
@Paytmcare,@
miui,^
suddenly,@
power,^
matter,^
@Paytm,^
Mi4,#
3Free,#
#Technology,#
Not,^
Canvas,^
Canberra,^
How,^
ohhhhhh,@
4,^
lags,@
up,^
but,^
I,@
Paytm,^
Phone,^
#Follow,#
out,^
Surpirses,#
@engadget,^
http://t.co/1U8VnCqPe7,^
Fitbit,#
Protector,^
hi,@
seems,@
similarities,@
any,^
appoints,@
oh,^
exactly,^
resemblance,^
must,^
Baseus,^
Exactly,@
beyond,^
partners,@
sells,@
started,@
http://t.co/aCbJfqfqRM,#
#jaanekyun,@
http://t.co/ouk76Y6vzS,^
my,@
ONLINE,@
Range,^
http://t.co/pjVOWAvABo,^
Tuesday,^
http://t.co/nprwNgphPO,^
Hypothetical,#
devices,^
',^
$99.00,^
#News,^
http://t.co/NAQkuYVvSj,^
Picasso,^
should,^
Oh,#
others,^
wud,@
@ar_suman,@
Do,@
plan,@
http://t.co/m3QFSDf6Gd,^
Lenovo,^
#apple,#
Meteoric,@
buying,@
http://t.co/orRc74VvCI,#
against,^
@tanadisantoso,^
#iOS,^
:O,^
Second,^
$100,^
#RedMiNote,@
PH,^
G2,^
post,@
at,@
today,^
collected,^
#gadgets,^
Mi,@
native,#
http://t.co/hPyTpn0R0n,^
http://t.co/bKjxH1juRh,^
rising,@
My,@
It's,^
Mi3's,^
Valley,^
device,^
support,^
Xiaomi,^
to,@
came,^
size,^
making,@
sell,@
Samsung,@
#MRpoints,^
looked,#
loaded,#
thanx,@
counters,^
Comparison,^
Mu,^
2014,^
@instagram,@
confirmed,@
Lin,^
",#
537,^
What,^
Micromax,^
Why,^
mi3,^
give,^
The,^
just,@
check,@
best-est,#
accepted,@
ink,^
arrived,^
said,@
link,@
Different,@
for,#
think,#
Team,@
says,^
purchased,^
they're,@
#Nerd,#
Shows,@
#Xiaomi,#
#mobile,#
Would,#
Top,^
High,@
x4,^
Capacity,^
tweet,^
are,#
Scores,#
Powerbanks,^
3‚Ä≤s,^
http://t.co/TOGxp1G801,^
@enjoyGLOBE,^
jiffy,^
Click,#
Xunlei,#
naman,^
In-Ear,^
Will,^
tomorrow,^
Boss,^
seconds,^
helping,@
#consulting,#
@binlin_xiaomi,@
3,@
Yeah,@
http://t.co/1WNKTIBfGT,^
1S,^
im,@
enough,@
MI4,@
Free,@
Plan,^
with,@
people,^
@xiaomi,@
Searching,^
XIAOMI,@
14,^
In,^
Hello,@
#,^
regarding,@
@enjoyGLOBE's,@
recommend,@
UX,@
accessories,^
MI4,^
photos,^
government,^
Matte,^
more,^
http://t.co/jAfTp3wDqK,^
#India,#
China‚Äôs,#
http://t.co/HuBVXpNbhD,#
@Flipkart,@
Upset,@
out,#
#xiaomi,@
Wer,#
",^
And,^
hrs,^
Android,@
China,^
ko,^
http://t.co/NBXtRsgAep,@
badluck,@
offering,#
now,#
x6,^
1,^
our,^
Steps,^
FEW,@
Research,@
http://t.co/ttBL90NBCe,^
:,#
indistinguishable,^
http://t.co/0ukcGNk44j,^
G,^
Apologizes,^
?,^
der,@
beats,^
#Flipkart,^
incursion,@
Free,^
thinking,@
Plan,#
Korea,^
lol,@
using,@
only,^
crab,^
review,^
reselling,^
Help,^
lists,^
by,^
few,^
India,^
Yep,@
Apple,@
@ASUS,@
When,@
Abot,^
12,^
order,@
Of,^
help,@
Ridiculous,@
have,^
The,@
Swipe,^
are,^
True,@
new,@
Out,#
G3,^
20000,^
@sansin83,@
introduces,@
damn,@
keep,@
sells,^
Spendid,^
has,^
it,^
be,#
for,^
can,^
Another,#
ittle,@
Malaysia,@
assessment,#
beyond,#
took,^
Mi,#
3-sec,@
redesign,^
card,^
again,@
http://t.co/CAmJfp9m7O,^
killer,^
almost,^
plan,^
play,^
every,@
#partners,#
you,^
Flex,#
Easy,^
Sale,@
overtakes,@
Flash,^
#forex,#
something,^
wanting,@
age,@
Flip,^
copying,^
commerce,^
Congrats,@
Patwa,^
19,^
teams,^
It,^
you're,@
gone,^
http://t.co/C99aHKodVn,@
x7,^
Yulong,^
smartphone,^
where,@
#Mi4,#
@chinainout,@
@DanceEatRepeat,@
partners,^
note,^
mi4,^
phone,@
Today,^
love,^
#accessories,^
6,^
News,^
Alpha,^
FOR,^
Tracker,#
Hack,@
@JuniorBabangida,@
Back,@
cheaper,^
agree,@
house,^
Ouya,@
flip,^
Circuit,^
Flipkart,@
like,^
FREE,^
social,^
@zevaqlan25,@
http://t.co/4fs5zIanwi,^
x8,^
#XiaomiMI3,^
http://t.co/vcl6yzHeyk,^
razer,^
Inc,@
Plz,@
Whole,^
Desire,^
..,^
spaceship,@
dynamic,^
Love,@
meant,@
Copies,#
5-Day,^
http://t.co/wF1WY7IPIH,^
yeap,@
don‚Äôt,@
MIUI,@
waitin,^
Read,@
enters,^
5-day,@
Flipkart,#
http://t.co/rcPU8Pg8wj,^
i,#
here,^
Smartphones,^
updates,^
check,#
Surpasses,#
5%,^
customers,^
At,#
am,^
perfect,^
x1,^
http://t.co/ElrxavoTAR,^
-,@
INDONESIA,^
rolls,^
inadvertently,^
Phone,#
Haha,^
looks,^
Prakash,^
race,^
http://t.co/Sf27exl1NC,^
Many,@
Helpful,@
2pcs,^
Omg,@
enjoying,@
This,@
express,^
http://t.co/1qAkdTGFWe,^
@SAI,@
RT,@
Goof-up,^
Snapdragon,^
#AskMi,^
go,^
fork,@
got,^
almost,@
@Govind1603,@
Yalor,@
flipkart,#
Surpasses,@
#MIUI,@
The,#
costly,^
AUS,@
this,#
.,#
no,@
Did,@
also,^
MiTalk,^
here,@
know,^
#askmi,@
once,@
sold,^
@BenedictEvans,@
yours,^
Region,@
P999,^
human,^
Ouya,#
Don't,@
‚Äì,^
THE,^
http://t.co/bwSScbYVy3,^
#HaySalamat,@
announced,^
$13,^
Ascari,^
mi3,@
Investigating,^
To,^
@shepherdpaul90,^
Barra's,^
#Hp,^
http://t.co/XzAMyPpnDd,@
looks,#
One,^
x17,^
over-reliance,@
#AskMi,@
bad,@
in,^
get,@
battery,^
Games,^
called,^
denies,^
Get,#
King,^
Awesome,^
http://t.co/LXFqz4NRvR,^
yes,@
w/,@
@TeamFWBack,^
ang,^
Tuesday,@
a,#
Brand,#
3G,^
Designer,^
Mi,^
@chinainoutbaby,@
cool,@
?,@
#MobileRescueMission,@
Mi-3,^
http://t.co/A3TLCxBJxu,^
#mi3,#
#F2F,#
Hongmi,^
http://t.co/akbmNx26L8,^
http://t.co/BMKamLD1ZS,^
even,@
looking,^
can,@
version,#
Samsung,^
another,^
http://t.co/cncyjjusbY,^
PERFECT,@
ROM,^
media,@
selling,@
Chronicle,^
latest,#
FREE,#
üôèüôè,^
http://t.co/trSURJksuX,^
Alcatel,^
flip,#
You've,@
High,#
will,@
Inc,^
iPad,@
supports,^
10.85,^
@gadgetlab,@
PLAN,^
Witness,^
News,#
15,^
IUNI,^
http://t.co/iYEutV9KXz,@
weekend,^
Had,@
Partnership,^
released,^
official,@
ordered,^
http://t.co/e1b5CD2xWY,@
#Android,#
responsive,^
automatically,@
Zenfone,^
tiger,^
Lenovo,@
very,^
5S,@
ass,^
having,@
http://t.co/Jk1g3OvKBs,^
Fined,^
3,^
/,#
-,#
copying,#
buyers,^
http://t.co/5IYXX7vyaf,^
MI,^
One,@
optimized,^
Xiaomi,@
Plus,^
copied,^
Are,^
though,^
d,@
5S,^
blatant,@
Is,^
@richardlai,@
http://t.co/pUdL3JzSZt,^
BUSINESS,#
@Stuff_MY,^
Sale,^
policy,^
awesome,^
Here,^
#business,#
kababayan,^
#xiaomi,^
Exclusive,#
#Asia,^
PLEASE,@
challenges,^
I've,@
5,@
Eyeing,^
Tarnish,^
start,^
bag,#
Brings,^
officials,@
again,^
camera,^
servers,#
government,@
dee,^
can,#
cheap,^
all,@
Loving,#
familiar,^
PowerBank(100%,^
ReviewÔºö,^
be,^
it,#
manage,@
http://t.co/DbLqYqFAuF,^
x5,^
